Chr,Start,End,Ref,Alt,Gene.refGene,change,201229-bMDA-BRCA_D3_2_TTTCAA,201229-bMDA-BRCA_D3_4_TTATTG,201229-bMDA-BRCA_D3_5_TTAACA,201229-bMDA-BRCA_D3_6_TTACGT,201229-bMDA-BRCA_D3_7_TTCTAC,201229-bMDA-BRCA_D3_9_TTGTGA,201229-bMDA-BRCA_D3_10_TTGAAT,201229-bMDA-BRCA_D3_13_TATAAG,201229-bMDA-BRCA_D3_16_TAACCG,201229-bMDA-BRCA_D3_18_TACATA,201229-bMDA-BRCA_D3_19_TAGAGC,201229-bMDA-BRCA_D3_21_TCTAGT,201229-bMDA-BRCA_D3_22_TCATGC,201229-bMDA-BRCA_D3_23_TCAGAT,201229-bMDA-BRCA_D3_25_TCCCAG,201229-bMDA-BRCA_D3_26_TCGACG,201229-bMDA-BRCA_D3_29_TGACTA,201229-bMDA-BRCA_D3_32_ATTTAG,201229-bMDA-BRCA_D3_36_ATCACC,201229-bMDA-BRCA_D3_37_ATCCAT,201229-bMDA-BRCA_D3_41_AATTGT,201229-bMDA-BRCA_D3_42_AATACA,201229-bMDA-BRCA_D3_43_AAACGA,201229-bMDA-BRCA_D3_46_AAGTAA,190422_Tumor
1,1599940,1599940,C,T,CDK11B;SLC35E2B,CDK11B;SLC35E2B g.1599940C>T,1,0,1,1,1,0,0,0,1,0,0,0,1,0,1,1,1,0,1,0,0,1,1,0,1
1,1603007,1603007,A,C,SLC35E2B,SLC35E2B g.1603007A>C,0,0,1,1,0,0,0,0,0,0,0,0,0,0,1,1,1,0,0,0,0,0,0,0,0
1,12884862,12884862,T,G,PRAMEF11,PRAMEF11 g.12884862T>G,1,1,1,1,0,0,0,0,1,0,1,1,0,0,1,0,0,1,1,0,0,0,1,0,1
1,16053880,16053880,G,A,PLEKHM2,PLEKHM2 g.16053880G>A,0,0,0,0,0,1,1,1,0,1,0,NA,1,0,0,0,0,1,1,0,NA,0,0,0,1
1,20998598,20998598,C,T,KIF17,KIF17 g.20998598C>T,0,0,0,0,0,1,1,1,0,1,1,1,0,0,0,0,1,0,0,0,0,0,0,NA,1
1,21011524,21011524,A,C,KIF17,KIF17 g.21011524A>C,0,0,0,1,0,0,1,0,0,0,0,NA,0,0,0,0,0,0,0,0,0,0,0,NA,0
1,21809750,21809750,T,C,NBPF3,NBPF3 g.21809750T>C,1,1,1,1,1,0,0,0,1,0,1,1,1,1,0,1,1,1,1,0,1,1,1,1,0
1,23689575,23689575,A,T,ZNF436,ZNF436 g.23689575A>T,1,1,1,1,1,0,1,1,1,1,1,1,1,1,1,1,1,0,1,0,0,1,1,0,1
1,23743664,23743664,T,G,TCEA3,TCEA3 g.23743664T>G,1,1,0,0,0,0,0,1,0,0,0,0,0,0,0,0,0,0,0,NA,0,0,0,1,0
1,25648336,25648336,C,A,RHD;RSRP1,RHD;RSRP1 g.25648336C>A,0,0,1,0,0,0,0,NA,0,0,1,0,1,0,0,0,1,0,0,0,0,1,0,0,0
1,31898263,31898263,G,A,SERINC2,SERINC2 g.31898263G>A,0,0,0,0,0,NA,0,0,1,0,1,NA,0,0,0,1,1,NA,0,0,NA,0,1,0,1
1,32670943,32670943,A,T,CCDC28B,CCDC28B g.32670943A>T,0,0,1,0,0,0,1,1,1,1,1,1,1,0,NA,0,0,1,1,0,0,0,0,1,0
1,35885058,35885058,C,T,ZMYM4,ZMYM4 g.35885058C>T,0,0,0,1,0,0,0,0,0,0,1,1,0,0,0,0,1,0,0,1,0,0,0,NA,0
1,38488520,38488520,C,T,UTP11,UTP11 g.38488520C>T,0,0,0,0,1,0,0,0,1,0,1,0,1,0,0,0,0,0,0,1,0,1,0,0,0
1,45287562,45287562,T,C,PTCH2,PTCH2 g.45287562T>C,1,1,0,1,1,1,1,0,1,0,1,1,0,0,1,1,1,1,0,0,0,0,1,0,1
1,45484674,45484674,C,A,ZSWIM5,ZSWIM5 g.45484674C>A,1,1,1,1,1,0,0,0,0,0,0,0,0,0,0,0,0,0,0,0,0,0,0,0,0
1,52280276,52280276,A,C,NRDC,NRDC g.52280276A>C,1,1,1,1,1,1,1,1,1,1,1,1,1,1,1,1,1,1,1,0,0,1,1,0,1
1,55600029,55600029,A,G,USP24,USP24 g.55600029A>G,1,1,1,1,1,1,1,1,1,1,1,1,1,1,0,1,1,1,1,0,1,0,1,0,1
1,62267384,62267384,A,G,PATJ,PATJ g.62267384A>G,1,1,1,1,1,1,1,1,1,1,1,1,0,1,1,1,1,1,1,0,0,1,1,0,1
1,67099768,67099768,G,A,SGIP1,SGIP1 g.67099768G>A,0,0,0,0,0,0,1,0,0,0,0,0,0,1,0,0,0,1,0,0,0,0,0,1,0
1,110210952,110210952,G,C,GSTM2,GSTM2 g.110210952G>C,1,1,1,1,0,0,1,1,1,0,1,1,0,1,1,0,0,1,1,0,0,1,1,0,1
1,111663163,111663163,G,C,DRAM2,DRAM2 g.111663163G>C,1,1,1,1,1,1,1,1,1,1,1,1,0,1,0,1,0,1,1,0,0,1,1,1,1
1,112029183,112029183,T,A,TMIGD3,TMIGD3 g.112029183T>A,0,0,0,0,1,0,0,1,0,1,0,1,0,1,0,1,0,0,0,0,1,0,0,0,0
1,115279332,115279332,G,A,CSDE1,CSDE1 g.115279332G>A,0,0,NA,0,0,0,0,0,0,1,NA,0,0,0,0,1,0,0,0,1,0,0,0,0,0
1,115604733,115604733,A,C,TSPAN2,TSPAN2 g.115604733A>C,0,0,1,0,1,1,0,1,0,0,1,0,1,1,0,1,0,0,0,0,0,1,0,0,0
1,150595354,150595354,G,A,ENSA,ENSA g.150595354G>A,1,1,1,1,1,1,1,1,NA,NA,1,1,0,1,1,1,1,1,1,1,1,1,1,1,0
1,150933580,150933580,T,G,SETDB1,SETDB1 g.150933580T>G,1,0,0,0,0,0,0,0,0,0,0,0,1,1,0,0,0,0,0,0,0,1,0,0,0
1,151196712,151196712,C,T,PIP5K1A,PIP5K1A g.151196712C>T,0,1,0,0,1,0,1,1,0,0,1,1,0,0,1,0,1,0,0,0,1,1,0,0,0
1,153270579,153270579,C,A,PGLYRP3,PGLYRP3 g.153270579C>A,0,0,0,0,0,0,0,0,0,0,0,0,0,1,0,0,0,0,1,0,0,0,0,0,0
1,153923836,153923836,A,T,CRTC2,CRTC2 g.153923836A>T,1,1,0,0,0,0,1,0,0,0,0,0,0,0,0,0,0,0,0,1,0,0,0,0,0
1,154938489,154938489,T,A,SHC1,SHC1 g.154938489T>A,0,0,0,0,0,0,0,0,0,0,1,0,1,1,0,0,1,0,0,0,0,0,0,0,0
1,155185424,155185424,T,C,GBAP1,GBAP1 g.155185424T>C,1,1,1,1,1,1,1,1,1,0,1,1,0,1,1,1,1,1,1,0,0,0,1,1,1
1,158619772,158619772,G,A,SPTA1,SPTA1 g.158619772G>A,0,0,0,1,0,1,1,0,0,0,0,1,0,0,0,0,0,1,0,0,0,0,0,0,1
1,160803974,160803974,T,G,CD244,CD244 g.160803974T>G,0,0,0,0,0,0,0,0,0,0,0,0,0,1,0,1,0,0,1,0,0,1,0,1,0
1,164761982,164761982,A,T,PBX1,PBX1 g.164761982A>T,0,0,0,1,0,1,0,0,0,0,1,0,0,1,0,0,1,1,1,0,0,0,0,0,1
1,168549440,168549440,T,G,XCL1,XCL1 g.168549440T>G,0,1,1,1,1,1,1,0,1,1,1,1,1,1,1,1,1,1,1,1,1,0,1,0,1
1,168549453,168549453,T,C,XCL1,XCL1 g.168549453T>C,0,0,0,0,0,0,0,0,0,0,0,0,0,0,0,0,0,0,0,1,1,0,0,0,0
1,177930762,177930762,A,C,SEC16B,SEC16B g.177930762A>C,0,0,0,0,0,0,0,0,0,0,0,0,0,0,0,0,0,1,0,0,0,0,1,0,0
1,178745925,178745925,G,A,RALGPS2,RALGPS2 g.178745925G>A,0,0,0,0,0,0,0,0,0,0,0,1,0,0,0,0,1,0,0,0,0,0,0,0,0
1,178753636,178753636,G,A,RALGPS2,RALGPS2 g.178753636G>A,0,0,0,0,0,0,0,0,0,0,1,0,0,1,0,0,0,0,0,0,0,0,0,0,0
1,183857719,183857719,C,A,RGL1,RGL1 g.183857719C>A,0,0,0,0,1,1,1,0,1,1,1,1,0,0,1,1,1,1,1,0,0,0,1,0,0
1,186901874,186901874,C,T,PLA2G4A,PLA2G4A g.186901874C>T,1,1,1,1,1,1,1,1,1,1,1,1,1,1,1,1,1,1,1,0,0,1,1,0,1
1,207196448,207196448,G,A,C1orf116,C1orf116 g.207196448G>A,0,0,0,0,0,0,0,0,1,0,0,0,0,0,1,1,0,0,0,0,0,0,1,0,0
1,209789923,209789923,A,C,LAMB3,LAMB3 g.209789923A>C,0,0,0,0,0,0,0,1,0,0,0,0,0,0,0,1,0,0,0,0,0,0,0,1,0
1,212254080,212254080,A,C,DTL,DTL g.212254080A>C,0,0,0,1,0,1,1,0,0,1,0,1,0,0,0,0,1,1,0,0,0,1,1,0,1
1,216462721,216462721,A,G,USH2A,USH2A g.216462721A>G,1,1,1,1,1,0,1,1,1,1,1,1,0,1,1,1,0,1,1,0,0,1,1,0,1
1,216896549,216896549,A,C,ESRRG,ESRRG g.216896549A>C,1,1,1,0,1,1,0,0,1,0,0,0,1,1,0,1,0,0,1,NA,0,0,0,1,0
1,219366410,219366410,C,G,LYPLAL1,LYPLAL1 g.219366410C>G,0,0,0,0,0,0,0,0,0,0,0,0,0,0,1,0,0,0,0,0,0,1,0,NA,0
1,222826320,222826320,C,T,MIA3,MIA3 g.222826320C>T,1,1,1,0,0,0,0,0,0,0,0,0,0,0,0,0,0,0,0,0,0,0,0,0,0
1,234529286,234529286,A,C,TARBP1,TARBP1 g.234529286A>C,0,0,0,0,0,0,0,0,0,0,0,0,0,0,0,0,1,0,0,0,0,1,0,1,0
1,245165443,245165443,T,G,EFCAB2,EFCAB2 g.245165443T>G,1,1,0,1,1,1,0,0,1,1,0,0,0,0,0,0,1,1,0,0,1,1,1,1,0
1,247836018,247836018,A,G,OR13G1,OR13G1 g.247836018A>G,1,1,1,1,1,1,0,1,1,1,1,1,1,0,0,1,1,1,0,0,0,1,1,0,1
2,17899342,17899342,A,T,SMC6,SMC6 g.17899342A>T,0,1,1,0,0,0,0,NA,0,0,0,0,1,0,0,0,0,0,1,NA,1,0,0,1,0
2,24262069,24262069,T,G,WDCP,WDCP g.24262069T>G,1,1,1,1,1,1,1,1,1,1,1,1,1,1,1,1,1,1,0,0,0,1,1,0,1
2,47317393,47317393,C,G,STPG4,STPG4 g.47317393C>G,1,1,1,1,1,NA,1,1,1,1,NA,1,1,NA,1,1,1,1,1,1,0,1,1,0,1
2,60688419,60688419,A,T,BCL11A,BCL11A g.60688419A>T,0,0,0,1,0,1,1,0,0,0,0,1,1,0,1,0,0,1,0,0,0,1,0,1,0
2,71788911,71788911,C,G,DYSF,DYSF g.71788911C>G,0,0,0,1,1,0,0,0,1,1,1,NA,1,0,1,1,0,1,NA,0,0,NA,1,0,1
2,86075456,86075456,A,G,ST3GAL5,ST3GAL5 g.86075456A>G,0,0,0,0,0,0,1,0,0,0,0,0,1,1,0,0,1,0,0,0,0,0,0,0,0
2,89512889,89512889,G,A,MIR4436A;NONE,MIR4436A;NONE g.89512889G>A,1,1,1,1,0,0,1,0,1,0,1,1,1,0,1,0,1,1,1,0,0,1,1,1,0
2,99779576,99779576,G,T,LIPT1,LIPT1 g.99779576G>T,0,0,0,0,0,0,0,0,0,0,0,0,0,1,1,0,0,0,0,0,0,0,0,0,0
2,100360521,100360521,A,C,AFF3,AFF3 g.100360521A>C,1,0,0,1,0,0,1,1,0,1,0,1,0,0,0,0,1,0,1,1,0,1,1,0,0
2,110849200,110849200,A,G,MALL,MALL g.110849200A>G,1,1,1,1,1,1,1,1,1,1,1,0,1,1,1,1,1,1,1,0,0,1,1,0,1
2,113764194,113764194,A,C,IL36A,IL36A g.113764194A>C,0,1,0,1,0,0,1,0,1,1,0,0,0,0,0,1,0,1,0,0,1,0,1,0,0
2,142004800,142004800,T,G,LRP1B,LRP1B g.142004800T>G,1,1,1,1,1,1,1,1,1,1,1,1,0,1,1,1,1,1,1,0,0,1,1,0,1
2,149868077,149868077,G,T,KIF5C,KIF5C g.149868077G>T,1,1,1,1,1,1,1,1,1,0,1,1,0,1,1,1,1,1,1,1,0,1,1,0,1
2,160832518,160832518,T,A,PLA2R1,PLA2R1 g.160832518T>A,1,1,0,0,1,1,1,0,0,1,0,1,1,1,0,0,0,0,0,0,1,1,0,1,0
2,171036745,171036745,A,C,MYO3B,MYO3B g.171036745A>C,1,1,1,1,1,0,0,0,1,1,1,1,0,1,1,1,1,1,0,0,0,0,1,0,1
2,179596575,179596575,A,G,TTN,TTN g.179596575A>G,1,1,1,1,1,1,1,1,1,1,1,1,0,0,1,1,1,1,1,0,0,1,1,0,1
2,187698611,187698611,T,C,ZSWIM2,ZSWIM2 g.187698611T>C,1,1,1,1,1,0,1,0,1,1,1,1,0,0,0,1,1,0,0,0,0,1,1,0,1
2,203991492,203991492,C,A,NBEAL1,NBEAL1 g.203991492C>A,1,1,1,1,1,1,1,1,1,1,1,1,0,1,0,1,1,1,1,1,0,1,1,0,1
2,203991513,203991513,G,C,NBEAL1,NBEAL1 g.203991513G>C,1,1,1,1,1,1,1,1,1,1,1,1,0,1,0,1,1,1,1,1,0,0,1,0,1
2,231330916,231330916,A,C,SP100,SP100 g.231330916A>C,1,0,1,1,1,0,0,0,1,1,1,0,1,0,0,1,1,0,0,1,0,1,1,0,0
2,231861071,231861071,T,C,SPATA3,SPATA3 g.231861071T>C,0,0,0,1,0,0,0,0,1,0,0,0,0,0,0,0,0,0,0,0,0,0,0,0,0
2,232389926,232389926,G,A,NMUR1,NMUR1 g.232389926G>A,1,1,1,1,1,1,1,1,1,1,0,1,0,1,1,1,1,NA,1,0,NA,1,1,0,1
2,240982108,240982108,C,G,OR6B2;OR6B3,OR6B2;OR6B3 g.240982108C>G,1,0,0,0,0,0,0,0,0,0,1,NA,1,NA,0,0,NA,0,0,NA,0,1,0,1,0
3,2613271,2613271,T,C,CNTN4,CNTN4 g.2613271T>C,1,1,1,1,0,1,1,1,1,0,0,0,1,1,0,1,1,1,1,0,0,1,1,0,1
3,3081662,3081662,A,T,CNTN4-AS1,CNTN4-AS1 g.3081662A>T,1,1,1,1,1,1,1,1,1,1,1,1,1,0,0,1,1,1,0,0,0,1,1,0,1
3,14106354,14106354,C,T,TPRXL,TPRXL g.14106354C>T,0,0,0,0,0,0,0,0,0,0,0,1,0,0,0,0,0,0,0,0,0,0,0,0,1
3,19575031,19575031,T,C,KCNH8,KCNH8 g.19575031T>C,1,1,1,1,1,1,1,1,1,1,1,1,0,0,1,1,0,1,1,0,0,1,1,0,1
3,27763427,27763427,G,C,EOMES,EOMES g.27763427G>C,0,0,0,0,0,0,0,0,1,0,0,1,0,0,0,0,0,0,0,1,0,0,0,0,0
3,36933837,36933837,G,A,TRANK1,TRANK1 g.36933837G>A,0,0,0,0,1,0,0,1,0,0,0,0,0,1,1,0,0,0,1,0,0,0,0,0,0
3,38125772,38125772,G,A,DLEC1,DLEC1 g.38125772G>A,0,0,0,0,0,NA,NA,0,0,0,NA,0,0,0,0,0,1,1,0,0,0,0,0,0,0
3,38798617,38798617,A,C,SCN10A,SCN10A g.38798617A>C,1,1,1,1,1,0,1,0,1,0,1,1,0,1,1,1,1,0,1,0,0,1,1,1,1
3,44684225,44684225,G,T,ZNF197;ZNF660-ZNF197,ZNF197;ZNF660-ZNF197 g.44684225G>T,0,0,0,0,0,1,0,1,1,0,0,1,0,0,0,0,0,0,0,1,0,0,0,0,0
3,44685027,44685027,A,G,ZNF197;ZNF660-ZNF197,ZNF197;ZNF660-ZNF197 g.44685027A>G,1,1,1,1,1,0,0,0,0,0,0,0,0,0,0,0,0,0,0,0,0,0,0,0,0
3,44700789,44700789,G,A,ZNF35,ZNF35 g.44700789G>A,1,1,1,1,1,1,1,1,1,1,1,1,0,1,0,1,1,1,1,0,0,1,1,0,1
3,47718241,47718241,C,T,SMARCC1,SMARCC1 g.47718241C>T,1,1,1,1,1,1,1,1,1,1,1,1,0,0,0,1,0,1,1,0,0,1,1,0,1
3,49095044,49095044,C,G,QRICH1,QRICH1 g.49095044C>G,1,1,1,1,1,1,1,1,1,1,1,1,1,0,1,1,1,1,1,0,0,1,1,0,1
3,49450019,49450019,C,T,TCTA,TCTA g.49450019C>T,1,1,1,1,1,1,1,1,0,1,0,1,0,0,1,0,1,0,1,0,0,0,1,0,1
3,53774463,53774463,C,G,CACNA1D,CACNA1D g.53774463C>G,1,1,1,1,1,1,1,1,1,1,1,1,0,1,1,1,1,1,1,0,0,1,1,0,1
3,64590023,64590023,G,A,ADAMTS9,ADAMTS9 g.64590023G>A,0,0,0,0,0,0,0,0,0,0,1,0,0,0,1,1,1,1,0,0,0,1,0,0,0
3,66428188,66428188,G,A,SLC25A26,SLC25A26 g.66428188G>A,0,1,0,1,1,1,1,0,1,1,1,1,0,1,1,1,1,1,0,0,0,0,1,0,0
3,97329577,97329577,A,C,EPHA6,EPHA6 g.97329577A>C,1,1,1,1,1,1,1,1,1,1,1,1,0,1,1,1,1,1,1,0,0,1,1,0,1
3,110612026,110612026,G,T,MIR4445;NECTIN3-AS1,MIR4445;NECTIN3-AS1 g.110612026G>T,1,0,1,1,1,1,1,1,1,1,0,1,0,1,0,0,1,0,0,0,0,0,1,0,1
3,121305141,121305141,G,A,ARGFX,ARGFX g.121305141G>A,1,1,1,1,1,1,1,1,1,1,1,1,0,1,0,0,1,1,0,0,1,1,1,0,1
3,122869102,122869102,A,C,PDIA5,PDIA5 g.122869102A>C,1,1,0,1,0,1,0,0,1,1,1,0,0,1,1,1,0,1,0,1,0,0,0,0,0
3,125694496,125694496,T,A,ROPN1B,ROPN1B g.125694496T>A,NA,0,0,0,0,0,1,0,0,0,0,0,0,1,1,0,0,0,0,NA,0,0,0,0,0
3,128994094,128994094,A,C,COPG1,COPG1 g.128994094A>C,1,1,1,1,1,0,1,1,1,1,1,1,0,0,1,1,1,1,0,0,0,1,1,0,1
3,132379935,132379935,A,T,NPHP3-ACAD11,NPHP3-ACAD11 g.132379935A>T,NA,0,NA,0,0,1,0,0,1,0,0,1,0,0,1,0,0,1,1,0,0,1,0,1,0
3,141721599,141721599,T,G,TFDP2,TFDP2 g.141721599T>G,1,1,1,1,1,1,1,1,1,1,1,1,0,1,1,1,1,1,1,0,0,1,1,0,1
3,149686355,149686355,G,A,PFN2,PFN2 g.149686355G>A,1,0,NA,1,1,1,0,1,0,0,1,1,0,NA,NA,1,0,0,0,0,0,1,1,0,0
3,151598402,151598402,A,C,SUCNR1,SUCNR1 g.151598402A>C,0,0,1,0,0,0,0,0,0,0,1,0,0,0,1,0,0,0,0,1,0,0,0,0,0
3,160141475,160141475,C,T,SMC4,SMC4 g.160141475C>T,0,0,0,0,0,1,0,0,0,0,0,0,0,0,0,0,0,0,1,1,0,0,0,0,0
3,193090100,193090100,A,G,ATP13A5,ATP13A5 g.193090100A>G,1,0,1,1,1,0,1,1,1,1,1,1,0,1,0,0,0,1,1,0,1,0,1,1,0
4,1732955,1732955,G,C,TACC3,TACC3 g.1732955G>C,1,1,1,1,1,1,1,1,1,0,1,1,1,1,0,1,1,1,1,0,0,NA,1,0,1
4,5448465,5448465,T,A,STK32B,STK32B g.5448465T>A,1,1,1,1,1,1,1,1,1,1,1,1,0,1,1,1,1,1,1,NA,NA,1,1,NA,1
4,10086016,10086016,T,C,WDR1,WDR1 g.10086016T>C,0,0,0,0,0,1,1,0,0,0,0,NA,1,1,1,0,0,1,0,0,0,0,0,0,0
4,25759150,25759150,C,A,SEL1L3,SEL1L3 g.25759150C>A,1,0,0,1,0,1,0,0,0,0,0,1,0,0,0,1,1,1,0,NA,0,0,1,0,0
4,46264110,46264110,T,G,GABRA2,GABRA2 g.46264110T>G,1,1,1,1,1,1,1,1,1,1,0,1,1,1,0,1,1,1,1,0,0,1,1,0,1
4,71024660,71024660,G,T,PRR27,PRR27 g.71024660G>T,0,0,0,1,1,0,1,0,1,0,1,NA,1,1,0,0,0,0,0,NA,1,0,0,NA,0
4,81967302,81967302,T,G,BMP3,BMP3 g.81967302T>G,1,1,0,0,0,0,0,0,0,0,0,1,0,1,0,0,0,0,0,0,0,1,0,0,0
4,84519294,84519294,G,A,GPAT3,GPAT3 g.84519294G>A,0,0,0,0,0,0,0,0,1,0,0,0,0,0,1,1,0,0,0,0,0,0,0,0,0
4,89352482,89352482,C,T,HERC6,HERC6 g.89352482C>T,0,0,0,0,0,0,0,1,0,1,0,0,0,0,0,0,0,0,0,0,1,0,1,0,0
4,103789919,103789919,A,C,UBE2D3,UBE2D3 g.103789919A>C,0,0,0,1,0,0,0,0,0,0,0,NA,0,0,0,0,0,0,0,0,0,0,0,1,0
4,114275035,114275035,C,T,ANK2,ANK2 g.114275035C>T,0,1,0,1,1,1,1,0,0,1,0,0,0,0,0,0,1,1,1,0,0,0,0,0,1
4,144474295,144474295,C,T,SMARCA5,SMARCA5 g.144474295C>T,1,0,1,1,0,0,0,0,0,0,NA,0,0,0,NA,0,0,0,0,NA,0,1,0,0,1
4,144824194,144824194,T,C,GYPE,GYPE g.144824194T>C,0,1,0,0,1,1,1,1,1,1,1,0,0,1,1,1,0,1,1,0,1,1,1,0,0
4,187511807,187511807,A,G,FAT1,FAT1 g.187511807A>G,1,0,1,1,1,0,0,0,0,0,0,0,0,0,0,0,0,0,0,0,0,1,0,0,0
5,454122,454122,T,G,EXOC3,EXOC3 g.454122T>G,0,0,1,0,0,0,0,0,0,0,1,0,0,0,0,0,0,0,0,0,0,0,0,0,0
5,7690844,7690844,T,G,ADCY2,ADCY2 g.7690844T>G,0,1,1,1,1,1,1,1,1,1,1,1,0,1,0,1,1,1,1,0,0,1,1,0,1
5,11159921,11159921,A,C,CTNND2,CTNND2 g.11159921A>C,1,1,0,1,0,0,1,1,0,0,0,0,1,1,0,1,1,0,0,0,0,0,0,0,0
5,64747408,64747408,C,T,ADAMTS6,ADAMTS6 g.64747408C>T,0,0,0,0,0,0,0,0,0,0,0,0,0,0,0,1,0,0,1,0,0,0,0,0,0
5,67591247,67591247,G,C,PIK3R1,PIK3R1 g.67591247G>C,1,1,1,1,1,1,1,1,1,1,1,1,0,1,1,1,1,1,1,0,0,1,1,0,1
5,73076485,73076485,C,T,ARHGEF28,ARHGEF28 g.73076485C>T,0,0,0,0,1,0,0,0,0,0,1,1,0,1,0,0,0,NA,0,0,0,0,0,0,0
5,127514401,127514401,T,A,SLC12A2,SLC12A2 g.127514401T>A,1,1,1,1,1,1,1,NA,1,0,1,1,0,0,0,1,1,1,1,0,0,1,1,0,1
5,134028776,134028776,T,G,SEC24A,SEC24A g.134028776T>G,1,0,0,0,0,0,1,0,0,0,0,0,0,1,0,0,1,0,0,0,0,1,1,1,0
5,140050856,140050856,T,C,DND1,DND1 g.140050856T>C,1,1,1,1,1,1,1,1,1,1,1,1,1,1,1,1,1,1,1,1,NA,1,1,NA,1
5,140558308,140558308,T,C,PCDHB8,PCDHB8 g.140558308T>C,1,1,1,1,1,1,1,1,1,1,1,1,1,1,1,1,1,1,1,0,0,1,1,1,1
5,140558326,140558326,T,C,PCDHB8,PCDHB8 g.140558326T>C,1,1,1,1,1,1,1,1,1,1,1,1,1,1,1,1,1,1,1,1,0,1,1,1,1
5,141026741,141026741,G,T,FCHSD1,FCHSD1 g.141026741G>T,1,1,1,1,1,1,1,1,1,1,1,1,0,1,1,1,1,1,1,NA,0,1,1,0,1
5,147016552,147016552,T,G,JAKMIP2,JAKMIP2 g.147016552T>G,0,0,0,0,0,1,0,0,0,0,0,0,1,1,0,0,0,0,0,0,0,0,0,1,0
5,153789087,153789087,T,C,SAP30L-AS1,SAP30L-AS1 g.153789087T>C,1,1,1,1,1,1,1,1,1,1,1,1,1,0,1,1,1,1,1,0,0,1,1,0,1
5,159399024,159399024,T,G,ADRA1B,ADRA1B g.159399024T>G,0,1,1,0,0,1,1,0,1,0,0,NA,0,0,0,0,0,NA,0,NA,0,0,0,NA,0
6,10959172,10959172,A,C,SYCP2L,SYCP2L g.10959172A>C,0,1,0,1,0,1,0,0,0,0,0,0,0,1,0,0,0,0,0,0,0,0,0,0,0
6,17785848,17785848,C,T,KIF13A,KIF13A g.17785848C>T,0,1,1,1,0,0,0,0,0,0,0,0,0,0,0,0,0,NA,0,0,0,1,0,0,1
6,18139973,18139973,A,T,TPMT,TPMT g.18139973A>T,0,0,0,0,1,NA,1,1,1,1,0,0,1,1,0,1,0,0,1,0,1,0,0,1,0
6,26459717,26459717,A,G,BTN2A1,BTN2A1 g.26459717A>G,1,1,1,1,1,1,1,1,1,1,1,1,1,1,1,1,1,1,1,0,0,1,1,0,1
6,33179659,33179659,C,G,RING1,RING1 g.33179659C>G,0,0,0,0,1,1,0,0,1,1,0,1,1,0,0,0,0,0,1,1,NA,1,0,0,0
6,33286403,33286403,A,T,DAXX,DAXX g.33286403A>T,NA,0,0,1,0,1,NA,0,0,1,0,NA,1,0,0,0,1,NA,1,0,0,0,0,0,0
6,34003439,34003439,A,C,GRM4,GRM4 g.34003439A>C,0,0,0,0,NA,NA,1,1,1,1,1,1,1,1,1,NA,1,1,0,1,0,1,1,0,0
6,43498586,43498586,T,A,XPO5,XPO5 g.43498586T>A,1,1,1,1,1,1,1,1,1,1,1,1,0,0,1,1,1,1,1,0,0,1,1,0,1
6,56047462,56047462,G,A,COL21A1,COL21A1 g.56047462G>A,0,1,0,0,0,NA,0,NA,0,0,1,0,NA,0,NA,0,1,0,0,1,0,0,1,0,0
6,74440104,74440104,G,A,CD109,CD109 g.74440104G>A,1,1,1,1,1,0,0,0,0,1,0,0,0,0,0,0,0,0,0,0,0,0,0,0,0
6,80717709,80717709,G,C,TTK,TTK g.80717709G>C,0,0,1,0,0,1,1,0,1,0,0,1,0,1,0,0,1,1,0,0,1,0,1,0,0
6,82462066,82462066,A,C,FAM46A,FAM46A g.82462066A>C,NA,0,1,0,0,0,0,1,1,0,1,NA,0,1,0,0,0,0,1,NA,1,0,0,0,0
6,99885211,99885211,A,C,USP45,USP45 g.99885211A>C,0,0,0,0,1,0,0,0,1,0,0,0,0,0,0,0,0,0,1,0,0,0,0,0,0
6,99955256,99955256,T,G,USP45,USP45 g.99955256T>G,0,0,1,1,1,1,1,1,0,0,0,0,0,0,1,0,0,1,1,1,0,1,1,0,0
6,136594362,136594362,C,G,BCLAF1,BCLAF1 g.136594362C>G,1,1,1,1,1,1,1,1,1,1,1,1,0,1,1,1,1,1,1,0,0,1,1,0,1
6,137193320,137193320,C,T,PEX7,PEX7 g.137193320C>T,1,0,1,1,0,0,1,0,0,0,0,0,0,0,NA,0,1,1,0,NA,0,0,NA,1,0
6,138528292,138528292,A,G,ARFGEF3,ARFGEF3 g.138528292A>G,1,1,1,1,1,0,0,0,0,0,0,0,0,0,0,0,0,0,0,0,0,1,0,0,0
6,144144731,144144731,A,T,PHACTR2,PHACTR2 g.144144731A>T,1,1,1,1,0,0,0,0,0,0,0,0,0,0,0,0,0,0,0,0,0,0,0,0,0
6,152419956,152419956,G,A,ESR1,ESR1 g.152419956G>A,0,0,0,0,0,0,0,0,1,0,1,0,0,0,1,1,0,0,0,0,0,0,1,0,0
6,152765657,152765657,T,C,SYNE1,SYNE1 g.152765657T>C,0,0,0,0,0,0,0,0,0,0,0,0,0,0,0,0,0,1,1,0,0,0,0,0,0
6,153345727,153345727,T,G,RGS17,RGS17 g.153345727T>G,1,1,1,1,1,1,1,0,1,1,1,1,0,NA,1,1,0,1,0,0,1,1,1,NA,1
7,4277267,4277267,T,A,SDK1,SDK1 g.4277267T>A,0,0,0,0,0,0,0,0,0,0,0,0,1,1,0,0,0,0,0,0,0,0,0,0,0
7,30695630,30695630,T,G,CRHR2,CRHR2 g.30695630T>G,0,1,1,0,1,0,0,0,0,0,0,0,1,0,NA,0,1,1,0,0,NA,0,0,NA,0
7,33376147,33376147,G,A,BBS9,BBS9 g.33376147G>A,1,1,1,1,1,0,0,0,0,0,0,0,0,0,0,0,0,0,0,0,0,1,0,0,1
7,42063222,42063222,T,G,GLI3,GLI3 g.42063222T>G,1,0,0,0,0,0,1,NA,1,1,0,0,0,0,0,0,0,0,0,0,1,1,0,0,0
7,65842545,65842545,T,C,LINC00174,LINC00174 g.65842545T>C,1,1,1,1,1,1,1,1,1,1,1,1,1,1,1,1,1,1,1,1,1,1,1,1,1
7,69583220,69583220,G,T,AUTS2,AUTS2 g.69583220G>T,0,1,1,1,0,0,1,1,0,0,NA,0,0,0,1,0,0,0,0,1,NA,1,0,1,0
7,73280015,73280015,A,C,TMEM270,TMEM270 g.73280015A>C,0,0,0,1,1,1,1,1,1,1,0,1,0,0,0,0,0,1,0,0,1,1,1,1,0
7,92191731,92191731,T,C,FAM133DP,FAM133DP g.92191731T>C,0,0,0,0,0,0,0,0,0,0,0,0,0,0,NA,0,0,0,0,0,0,NA,0,1,1
7,92869188,92869188,A,T,VPS50,VPS50 g.92869188A>T,1,1,1,1,1,1,1,1,1,1,1,1,1,1,1,1,1,1,1,1,0,1,1,0,1
7,99831332,99831332,A,C,GATS,GATS g.99831332A>C,1,0,0,1,0,0,1,1,0,0,0,0,0,1,0,0,0,0,0,1,0,1,0,1,0
7,101839866,101839866,C,T,CUX1,CUX1 g.101839866C>T,0,0,0,0,0,0,0,0,0,1,0,0,0,0,0,1,0,0,0,1,0,1,0,0,0
7,111584912,111584912,A,C,DOCK4,DOCK4 g.111584912A>C,0,0,0,1,0,0,0,1,0,0,0,1,0,0,0,0,0,0,0,0,0,0,0,0,0
7,117232662,117232662,A,C,CFTR,CFTR g.117232662A>C,0,1,0,0,0,0,1,1,0,0,0,0,0,0,0,0,0,0,0,0,0,0,0,0,0
7,128482874,128482874,G,A,FLNC,FLNC g.128482874G>A,1,1,1,0,1,1,1,1,1,1,0,1,0,1,0,1,0,1,1,NA,0,1,1,0,1
7,129046165,129046165,G,T,AHCYL2,AHCYL2 g.129046165G>T,1,1,1,1,1,1,1,1,1,1,1,1,1,1,1,1,1,1,1,0,0,1,1,0,1
7,129685391,129685391,A,T,ZC3HC1,ZC3HC1 g.129685391A>T,0,0,0,0,0,0,0,0,1,0,0,0,0,0,0,1,0,0,0,0,0,1,1,0,0
7,135333241,135333241,A,G,NUP205,NUP205 g.135333241A>G,1,1,1,1,1,1,1,1,1,0,1,1,0,0,0,1,1,1,1,0,0,1,1,1,1
7,141884773,141884773,A,G,MGAM2,MGAM2 g.141884773A>G,1,1,1,0,0,0,0,0,0,0,0,0,0,0,0,0,0,0,0,0,0,1,0,0,0
7,151962176,151962176,T,A,KMT2C,KMT2C g.151962176T>A,1,1,1,1,1,1,1,1,1,1,1,1,1,1,1,1,1,1,1,1,1,1,1,1,1
7,151962257,151962257,C,T,KMT2C,KMT2C g.151962257C>T,0,1,0,0,0,0,0,0,0,1,0,0,0,0,0,0,0,1,0,1,1,0,1,1,0
8,21894031,21894031,G,A,NPM2,NPM2 g.21894031G>A,1,1,1,1,1,1,1,1,1,NA,1,1,1,NA,NA,0,1,1,1,0,0,1,1,NA,1
8,25325709,25325709,T,G,CDCA2,CDCA2 g.25325709T>G,0,NA,0,0,0,NA,1,NA,0,1,0,0,0,0,0,0,0,0,1,0,0,1,1,1,0
8,28378233,28378233,A,G,FZD3,FZD3 g.28378233A>G,1,1,1,1,1,1,1,1,1,1,1,1,1,1,1,1,1,1,1,0,0,1,1,0,1
8,52384877,52384877,A,T,PXDNL,PXDNL g.52384877A>T,1,1,1,1,1,1,1,1,1,1,1,1,1,1,1,1,1,1,1,0,0,1,1,0,1
8,69026521,69026521,G,A,PREX2,PREX2 g.69026521G>A,1,1,1,0,1,0,0,1,0,0,0,0,0,0,0,0,0,0,0,0,0,1,0,0,1
8,103663897,103663897,A,C,KLF10,KLF10 g.103663897A>C,0,1,0,0,0,0,1,0,0,0,0,0,0,1,0,1,0,0,0,0,0,0,0,0,0
8,104831718,104831718,G,A,RIMS2,RIMS2 g.104831718G>A,0,0,0,0,0,0,0,0,0,0,1,0,0,0,0,1,0,0,0,0,0,0,0,1,0
8,110376948,110376948,C,A,PKHD1L1,PKHD1L1 g.110376948C>A,0,0,0,0,0,0,1,1,1,0,0,0,0,0,0,0,1,0,0,0,0,0,0,0,0
8,133192452,133192452,T,A,KCNQ3,KCNQ3 g.133192452T>A,0,1,1,1,0,0,0,0,0,0,0,0,0,0,0,0,NA,0,0,0,0,0,0,NA,0
8,143996375,143996375,T,C,CYP11B2,CYP11B2 g.143996375T>C,1,1,1,1,1,1,1,1,1,1,1,1,1,1,NA,1,1,1,1,NA,0,1,1,NA,1
9,3469193,3469193,C,G,RFX3,RFX3 g.3469193C>G,1,0,1,1,1,1,1,1,1,0,1,0,NA,0,1,0,1,NA,0,NA,0,0,1,NA,1
9,7013858,7013858,G,T,KDM4C,KDM4C g.7013858G>T,1,1,1,1,1,1,1,1,1,1,1,1,1,1,1,1,1,1,0,0,0,0,1,0,1
9,8733784,8733784,A,C,PTPRD,PTPRD g.8733784A>C,0,0,0,0,0,0,0,0,0,0,0,0,NA,0,0,0,1,0,0,0,0,0,0,1,0
9,17793458,17793458,T,C,SH3GL2,SH3GL2 g.17793458T>C,0,0,0,0,0,0,0,0,1,0,0,0,0,0,0,1,0,0,0,0,0,0,1,0,0
9,35906508,35906508,A,C,HRCT1,HRCT1 g.35906508A>C,NA,0,NA,1,1,1,1,1,1,0,1,1,0,1,1,0,1,1,0,NA,0,0,0,NA,1
9,36353340,36353340,G,A,RNF38,RNF38 g.36353340G>A,0,0,1,0,0,0,0,0,0,0,1,0,0,0,1,0,0,0,0,0,0,0,0,0,0
9,109691154,109691154,T,C,ZNF462,ZNF462 g.109691154T>C,1,1,1,1,1,1,0,1,1,0,1,1,0,0,1,1,1,1,0,0,0,1,1,0,1
9,131760847,131760847,C,G,NUP188,NUP188 g.131760847C>G,1,1,1,1,1,1,1,1,1,1,1,1,0,0,1,1,0,1,1,0,0,1,1,0,1
9,131767814,131767814,T,G,NUP188,NUP188 g.131767814T>G,0,0,0,0,0,0,0,0,0,1,0,0,0,0,0,0,0,0,1,0,0,0,1,0,0
9,135821134,135821134,C,A,MIR548AW,MIR548AW g.135821134C>A,1,0,0,0,1,0,0,0,0,0,0,1,0,0,0,0,0,1,0,NA,NA,0,0,0,0
10,7755088,7755088,G,A,ITIH2,ITIH2 g.7755088G>A,0,0,0,0,0,0,0,0,0,1,0,0,0,1,0,0,0,1,0,0,NA,0,0,0,0
10,13633930,13633930,T,G,PRPF18,PRPF18 g.13633930T>G,1,1,1,1,0,1,1,0,1,0,1,0,1,1,1,1,0,0,0,1,0,0,0,0,0
10,17113567,17113567,C,T,CUBN,CUBN g.17113567C>T,0,0,0,1,0,1,1,1,1,1,1,1,1,1,1,1,1,1,0,0,0,1,1,0,1
10,21177143,21177143,G,A,NEBL,NEBL g.21177143G>A,0,1,0,0,0,0,1,0,0,0,0,0,1,0,0,0,0,0,0,1,0,0,0,NA,0
10,24564681,24564681,T,A,MIR603,MIR603 g.24564681T>A,1,1,0,0,0,0,0,0,0,0,0,0,0,0,1,0,0,0,0,0,0,1,1,0,0
10,24873640,24873640,T,A,ARHGAP21,ARHGAP21 g.24873640T>A,1,1,1,1,1,0,0,0,0,0,0,0,0,0,0,0,0,0,0,0,0,1,0,0,0
10,26442849,26442849,C,A,MYO3A,MYO3A g.26442849C>A,1,1,1,1,1,1,1,1,1,1,0,1,1,0,1,1,1,1,1,0,1,1,1,0,1
10,30336620,30336620,T,G,JCAD,JCAD g.30336620T>G,1,1,1,1,1,1,1,1,1,1,1,1,1,0,1,1,1,1,0,0,1,1,1,0,1
10,30918597,30918597,T,C,LYZL2,LYZL2 g.30918597T>C,1,0,0,0,1,0,1,0,0,0,0,0,0,0,0,0,0,0,1,1,0,1,1,0,0
10,30978206,30978206,G,C,LYZL2;SVILP1,LYZL2;SVILP1 g.30978206G>C,0,0,0,1,0,0,0,0,0,1,0,1,0,0,0,0,0,0,0,0,1,0,1,0,0
10,30989017,30989017,T,C,SVILP1,SVILP1 g.30989017T>C,0,0,0,0,0,0,0,0,0,0,0,0,0,0,0,0,0,1,1,0,0,0,0,0,0
10,54053674,54053674,C,A,PRKG1,PRKG1 g.54053674C>A,0,0,0,0,0,0,0,0,0,0,1,0,0,0,0,1,0,0,0,0,0,0,0,0,0
10,54053676,54053676,T,A,PRKG1,PRKG1 g.54053676T>A,0,0,0,0,0,0,0,0,0,0,1,0,0,0,0,1,0,0,0,0,0,0,0,0,0
10,63957995,63957995,T,C,RTKN2,RTKN2 g.63957995T>C,0,0,0,1,1,1,1,0,1,1,0,1,0,0,1,1,1,1,1,0,0,0,1,0,1
10,88730238,88730238,G,T,ADIRF,ADIRF g.88730238G>T,1,1,1,1,1,1,1,1,1,0,1,1,1,1,0,1,1,1,0,0,0,1,1,0,1
10,98803268,98803268,A,G,SLIT1,SLIT1 g.98803268A>G,1,1,1,1,1,1,1,1,1,1,1,1,0,1,1,1,1,1,1,0,1,1,1,0,1
10,99213543,99213543,T,C,ZDHHC16,ZDHHC16 g.99213543T>C,1,0,1,0,1,0,0,0,0,0,0,1,0,0,0,0,0,0,0,0,0,0,0,0,0
10,103900710,103900710,T,G,PPRC1,PPRC1 g.103900710T>G,0,1,0,0,0,0,0,1,1,1,0,0,0,0,0,0,1,1,0,0,0,0,0,1,0
10,118618621,118618621,T,A,ENO4,ENO4 g.118618621T>A,0,1,1,1,0,0,0,1,0,1,1,1,1,1,0,1,NA,1,1,NA,1,1,0,1,0
11,1212846,1212846,T,C,MUC5AC,MUC5AC g.1212846T>C,1,1,1,0,1,1,1,1,1,1,1,1,1,1,1,1,1,0,1,0,1,1,1,1,1
11,1213461,1213461,T,G,MUC5AC,MUC5AC g.1213461T>G,1,1,1,1,1,1,1,1,1,1,1,1,1,0,1,1,1,1,1,1,1,1,1,1,0
11,1651643,1651643,C,T,KRTAP5-5,KRTAP5-5 g.1651643C>T,0,0,1,1,0,0,0,0,1,1,0,NA,0,1,0,1,1,1,0,1,1,0,NA,1,0
11,4702957,4702957,A,C,OR51E2,OR51E2 g.4702957A>C,0,0,0,0,0,0,0,0,0,0,0,0,1,1,0,0,1,0,0,0,0,0,0,0,0
11,4976671,4976671,G,A,OR51A2,OR51A2 g.4976671G>A,1,1,1,1,1,0,1,1,1,0,0,1,0,0,0,1,1,0,0,0,0,1,1,0,0
11,6629380,6629380,G,A,ILK,ILK g.6629380G>A,1,1,1,1,1,1,1,1,1,1,1,1,0,1,1,1,1,1,1,0,0,1,1,0,1
11,32955995,32955995,C,T,QSER1,QSER1 g.32955995C>T,1,1,1,1,0,0,0,0,0,1,0,0,0,0,0,0,0,0,0,0,0,1,0,0,1
11,62383716,62383716,A,C,B3GAT3,B3GAT3 g.62383716A>C,NA,1,0,1,0,1,1,1,1,1,0,1,0,1,0,0,0,NA,0,1,0,1,1,1,0
11,68029522,68029522,A,T,C11orf24,C11orf24 g.68029522A>T,1,1,0,0,0,0,0,0,1,1,0,0,1,0,1,0,0,0,1,1,0,1,0,0,0
11,70211477,70211477,A,C,PPFIA1,PPFIA1 g.70211477A>C,0,0,0,0,0,0,0,0,0,0,1,0,1,0,0,0,0,0,0,0,0,0,0,0,0
11,71290816,71290816,G,A,KRTAP5-10;KRTAP5-11,KRTAP5-10;KRTAP5-11 g.71290816G>A,NA,1,1,1,1,NA,1,1,1,1,1,1,1,0,0,1,1,1,1,1,1,0,1,1,0
11,73429947,73429947,G,T,RAB6A,RAB6A g.73429947G>T,0,1,1,0,0,NA,0,1,0,1,0,0,1,1,1,0,NA,1,1,0,0,1,1,NA,0
11,83984343,83984343,G,T,DLG2,DLG2 g.83984343G>T,0,0,1,0,0,0,0,0,0,0,0,1,0,1,0,0,0,1,0,0,0,1,0,1,0
11,85468574,85468574,A,C,SYTL2,SYTL2 g.85468574A>C,1,0,0,0,0,0,0,0,1,1,0,0,0,0,0,0,1,0,0,0,0,0,1,0,0
11,108361864,108361864,G,T,KDELC2,KDELC2 g.108361864G>T,1,0,0,0,0,0,0,0,0,1,0,NA,0,1,1,0,0,1,0,1,0,0,NA,0,0
11,113113641,113113641,C,T,NCAM1,NCAM1 g.113113641C>T,1,1,1,1,1,1,1,1,1,1,NA,1,1,0,1,1,NA,1,1,0,0,NA,1,0,1
11,120318636,120318636,C,T,ARHGEF12,ARHGEF12 g.120318636C>T,0,0,0,0,1,0,0,0,0,0,0,0,0,0,0,0,0,1,0,1,0,0,1,0,0
11,133790647,133790647,G,T,IGSF9B,IGSF9B g.133790647G>T,1,0,1,1,1,1,1,1,1,1,1,NA,0,NA,0,1,1,0,1,0,NA,1,1,NA,1
11,134046200,134046200,A,G,NCAPD3,NCAPD3 g.134046200A>G,0,NA,0,1,1,0,0,0,0,0,0,1,0,0,0,0,1,0,0,0,0,0,0,0,0
12,5687583,5687583,T,A,ANO2,ANO2 g.5687583T>A,0,1,1,0,0,0,0,0,0,0,0,0,0,0,0,0,0,0,0,0,0,0,0,0,0
12,6657732,6657732,T,G,IFFO1,IFFO1 g.6657732T>G,0,1,1,0,0,1,0,1,0,1,1,1,0,NA,1,1,NA,0,0,NA,1,0,1,0,0
12,6973136,6973136,A,T,USP5,USP5 g.6973136A>T,0,0,0,0,1,1,1,1,0,1,0,1,0,1,0,0,1,0,0,0,0,0,1,0,0
12,9027043,9027043,A,C,A2ML1,A2ML1 g.9027043A>C,0,0,1,0,0,0,0,0,0,0,1,0,0,0,1,0,0,0,0,0,0,0,0,0,0
12,9456821,9456821,G,T,LOC642846,LOC642846 g.9456821G>T,NA,1,1,1,0,1,0,1,1,0,1,NA,0,1,0,1,1,1,1,NA,1,1,1,0,0
12,10145852,10145852,T,G,CLEC1B,CLEC1B g.10145852T>G,1,1,1,1,1,1,1,1,1,1,1,1,0,1,1,1,1,1,0,1,0,1,1,0,1
12,11083284,11083284,A,C,PRH2,PRH2 g.11083284A>C,1,1,1,1,1,1,1,1,1,1,1,0,1,1,1,1,1,0,1,0,0,1,1,0,0
12,15742328,15742328,A,G,PTPRO,PTPRO g.15742328A>G,0,0,0,1,0,0,0,0,1,0,0,0,0,1,1,0,0,1,0,0,0,0,0,0,0
12,31250875,31250875,G,C,DDX11,DDX11 g.31250875G>C,0,0,0,0,0,0,0,0,0,0,0,0,0,0,1,0,0,1,1,0,1,1,0,1,0
12,46319938,46319938,T,C,SCAF11,SCAF11 g.46319938T>C,0,1,0,1,0,1,1,0,1,1,1,1,1,1,1,1,1,1,0,0,1,0,1,0,1
12,54108009,54108009,A,C,CALCOCO1,CALCOCO1 g.54108009A>C,1,0,0,0,0,0,0,0,0,0,0,0,0,1,0,0,0,0,0,NA,0,1,0,0,0
12,94673233,94673233,T,A,PLXNC1,PLXNC1 g.94673233T>A,1,1,1,1,1,0,0,0,0,0,0,0,0,0,0,0,0,0,0,0,0,0,0,0,0
12,100476821,100476821,A,C,UHRF1BP1L,UHRF1BP1L g.100476821A>C,1,1,0,1,1,0,1,1,0,0,0,0,0,0,0,0,0,0,0,0,0,1,0,1,0
12,102589804,102589804,A,G,PARPBP,PARPBP g.102589804A>G,0,0,0,1,1,1,1,0,1,1,1,1,0,1,1,1,1,1,1,0,0,0,1,0,1
12,124330151,124330151,G,A,DNAH10,DNAH10 g.124330151G>A,1,1,1,1,1,0,0,0,0,0,0,0,0,0,0,0,0,0,0,0,0,0,0,0,0
12,129298820,129298820,G,A,SLC15A4,SLC15A4 g.129298820G>A,0,1,1,0,1,1,1,0,1,1,1,0,1,0,1,0,1,0,1,1,0,1,1,0,1
13,21750538,21750538,G,A,SKA3,SKA3 g.21750538G>A,1,1,1,1,1,1,1,1,1,1,1,1,1,1,1,1,1,1,1,1,1,1,1,1,1
13,25671471,25671471,A,G,PABPC3,PABPC3 g.25671471A>G,1,1,1,1,1,0,0,0,0,0,0,0,0,0,0,0,0,0,0,0,0,1,0,0,0
13,36049685,36049685,G,T,MAB21L1,MAB21L1 g.36049685G>T,1,1,1,1,1,0,1,1,1,1,1,1,0,1,0,1,1,0,1,0,0,1,1,0,1
13,42748118,42748118,T,C,DGKH,DGKH g.42748118T>C,1,1,0,0,0,0,1,1,0,0,0,0,0,0,1,1,0,0,0,1,0,1,1,1,0
13,50466990,50466990,T,C,CTAGE10P,CTAGE10P g.50466990T>C,0,0,1,0,1,0,0,0,0,0,0,0,0,0,0,1,0,0,0,1,0,0,0,0,0
13,50467044,50467044,G,C,CTAGE10P,CTAGE10P g.50467044G>C,1,0,1,1,1,0,0,0,0,0,0,0,0,0,1,1,1,0,0,1,0,1,0,0,0
13,67802418,67802418,A,G,PCDH9,PCDH9 g.67802418A>G,0,0,0,0,0,0,0,0,0,1,0,0,0,0,0,0,1,0,0,0,0,0,0,0,0
13,95815352,95815352,A,C,ABCC4,ABCC4 g.95815352A>C,0,1,0,0,0,0,1,1,0,0,0,0,0,1,0,0,1,0,0,0,0,1,0,1,0
13,103395972,103395972,G,A,CCDC168,CCDC168 g.103395972G>A,1,1,1,1,1,0,0,0,0,0,0,0,0,0,0,0,0,0,0,0,0,0,1,0,1
14,21555082,21555082,G,A,ARHGEF40,ARHGEF40 g.21555082G>A,1,1,1,0,0,1,1,0,0,0,1,0,0,1,0,1,1,NA,0,0,1,0,1,0,0
14,22070440,22070440,T,C,OR10G3;OR10G2,OR10G3;OR10G2 g.22070440T>C,1,1,1,0,1,0,0,0,0,1,1,0,0,0,1,0,1,0,0,1,0,0,1,0,0
14,22070478,22070478,G,A,OR10G3;OR10G2,OR10G3;OR10G2 g.22070478G>A,0,0,0,0,0,1,0,0,0,0,1,0,0,0,0,0,0,0,0,1,0,0,0,0,0
14,23612372,23612372,T,G,SLC7A8,SLC7A8 g.23612372T>G,0,0,0,0,0,0,0,0,1,1,0,NA,0,0,0,0,0,NA,0,0,1,0,1,0,0
14,23853632,23853632,T,G,MYH6,MYH6 g.23853632T>G,1,1,0,0,0,0,0,1,0,0,0,0,0,1,1,0,0,0,0,0,NA,1,0,1,0
14,23853634,23853634,T,G,MYH6,MYH6 g.23853634T>G,1,1,0,0,0,0,0,1,0,0,0,0,0,1,1,0,0,0,0,0,NA,1,0,1,0
14,24545392,24545392,C,T,CPNE6,CPNE6 g.24545392C>T,1,1,0,1,1,1,0,1,0,1,0,1,0,1,0,1,1,1,1,0,0,0,1,0,1
14,24675737,24675737,A,T,TSSK4,TSSK4 g.24675737A>T,1,1,1,1,1,1,1,1,1,1,1,1,1,1,0,1,0,1,1,0,0,1,1,0,1
14,35497286,35497286,C,T,SRP54,SRP54 g.35497286C>T,0,0,0,0,0,1,0,0,0,0,0,0,0,0,1,0,1,0,0,0,0,0,0,1,0
14,54955734,54955734,T,G,GMFB,GMFB g.54955734T>G,0,0,0,0,0,1,0,0,0,0,1,NA,0,0,0,0,1,0,0,0,0,0,0,0,0
14,54955750,54955750,A,C,GMFB,GMFB g.54955750A>C,0,1,0,0,1,NA,1,0,0,0,1,NA,0,1,1,0,1,0,0,0,NA,NA,0,0,0
14,61858074,61858074,A,T,PRKCH,PRKCH g.61858074A>T,0,0,0,0,1,0,0,0,0,0,0,0,1,0,0,0,0,0,0,0,1,0,0,0,0
14,63671721,63671721,C,A,RHOJ,RHOJ g.63671721C>A,1,1,1,1,1,1,1,1,1,1,1,1,1,1,1,1,1,1,1,0,0,1,1,0,1
14,77492024,77492024,A,C,IRF2BPL,IRF2BPL g.77492024A>C,0,0,0,0,0,0,0,0,0,0,0,1,0,NA,0,0,0,0,0,0,1,NA,NA,0,0
14,91774819,91774819,T,G,CCDC88C,CCDC88C g.91774819T>G,1,1,1,1,1,1,1,1,1,1,1,1,1,1,1,1,1,1,1,0,0,1,1,0,1
14,92537379,92537379,T,C,ATXN3,ATXN3 g.92537379T>C,1,1,1,0,1,1,0,1,0,1,1,1,0,1,1,0,1,1,0,0,0,1,0,1,1
14,92537387,92537387,T,G,ATXN3,ATXN3 g.92537387T>G,0,0,1,0,0,1,0,0,0,0,0,0,0,0,0,0,0,0,0,0,0,0,0,0,0
14,100182174,100182174,C,T,CYP46A1,CYP46A1 g.100182174C>T,0,0,0,0,0,0,1,0,0,0,0,NA,0,1,0,0,1,0,0,0,0,0,0,0,0
14,102380502,102380502,G,T,PPP2R5C,PPP2R5C g.102380502G>T,1,1,0,1,1,1,1,1,1,1,1,0,0,1,0,1,1,1,1,0,0,0,1,0,1
15,34113462,34113462,T,C,RYR3,RYR3 g.34113462T>C,0,0,0,1,0,0,0,1,0,0,0,0,0,0,0,0,0,0,0,0,1,0,0,0,0
15,40329481,40329481,A,G,SRP14,SRP14 g.40329481A>G,1,0,1,0,0,0,0,0,1,1,0,1,0,0,1,0,0,0,0,1,0,0,0,1,0
15,40587207,40587207,G,T,PLCB2,PLCB2 g.40587207G>T,0,0,0,0,0,0,0,0,0,0,0,0,0,1,0,0,NA,0,0,0,0,0,0,1,0
15,41101310,41101310,C,G,ZFYVE19,ZFYVE19 g.41101310C>G,1,1,1,1,1,0,0,0,0,0,0,0,NA,0,0,0,0,0,0,0,0,1,0,0,0
15,43924420,43924420,C,T,CATSPER2,CATSPER2 g.43924420C>T,1,0,1,1,1,1,1,0,1,0,1,NA,1,1,1,1,1,0,1,0,0,1,1,1,1
15,43924422,43924422,T,C,CATSPER2,CATSPER2 g.43924422T>C,1,0,1,1,1,1,1,0,1,0,1,0,1,1,1,1,1,0,1,0,0,1,1,1,1
15,51839505,51839505,T,A,DMXL2,DMXL2 g.51839505T>A,0,1,1,1,0,1,1,1,1,0,1,1,0,0,1,1,1,1,1,0,0,1,1,0,1
15,52539081,52539081,C,T,MYO5C,MYO5C g.52539081C>T,1,1,1,1,1,1,1,1,1,1,1,1,1,1,1,1,1,1,1,0,0,1,1,1,1
15,52885919,52885919,G,A,FAM214A,FAM214A g.52885919G>A,0,1,0,0,0,0,0,0,0,0,0,0,0,0,0,0,1,0,0,0,0,0,0,0,0
15,54003211,54003211,C,T,WDR72,WDR72 g.54003211C>T,1,0,0,0,0,0,0,0,0,0,0,0,1,1,0,0,0,1,1,1,0,0,0,0,0
15,63547722,63547722,A,G,RAB8B,RAB8B g.63547722A>G,0,0,0,0,0,0,0,0,1,0,0,NA,0,0,0,0,0,0,0,0,0,0,1,0,0
15,63862657,63862657,G,T,USP3,USP3 g.63862657G>T,1,1,1,1,1,1,1,1,1,0,1,1,1,1,1,1,1,1,1,0,0,1,1,0,1
15,65321930,65321930,A,C,MTFMT,MTFMT g.65321930A>C,0,NA,0,0,1,0,0,0,0,0,NA,NA,0,0,0,0,0,NA,0,1,1,0,0,0,0
15,86278759,86278759,T,A,AKAP13,AKAP13 g.86278759T>A,0,NA,0,1,0,1,1,0,0,1,0,0,0,0,0,0,0,0,0,NA,0,1,0,1,0
15,93617002,93617002,C,T,RGMA,RGMA g.93617002C>T,1,1,1,1,1,1,0,1,1,1,0,1,1,1,1,1,1,1,0,0,0,1,1,0,1
15,98512628,98512628,T,A,ARRDC4,ARRDC4 g.98512628T>A,1,0,0,0,0,1,0,0,0,1,0,NA,1,1,0,1,1,0,1,0,1,0,1,1,0
15,100332807,100332807,C,T,DNM1P46,DNM1P46 g.100332807C>T,0,0,0,1,0,0,0,0,1,0,0,NA,0,0,0,0,0,0,0,0,0,0,0,0,0
16,9857968,9857968,C,T,GRIN2A,GRIN2A g.9857968C>T,1,1,1,1,1,1,1,1,1,0,1,1,1,0,1,1,1,1,1,0,1,1,1,0,1
16,11850187,11850187,C,A,ZC3H7A,ZC3H7A g.11850187C>A,1,1,1,1,1,1,0,1,0,0,1,1,0,0,1,1,1,1,0,0,0,1,1,0,1
16,11859387,11859387,T,G,ZC3H7A,ZC3H7A g.11859387T>G,1,1,1,1,1,1,1,1,1,0,1,1,1,1,1,1,1,1,1,0,1,0,1,0,1
16,15178499,15178499,G,A,RRN3,RRN3 g.15178499G>A,0,0,0,0,0,0,0,0,0,0,0,0,0,0,0,0,0,0,1,0,0,0,0,0,1
16,20334818,20334818,C,T,GP2,GP2 g.20334818C>T,1,0,0,0,0,NA,0,0,0,0,0,0,1,0,0,0,NA,1,0,0,0,0,0,0,0
16,24801127,24801127,T,G,TNRC6A,TNRC6A g.24801127T>G,0,0,1,0,0,0,0,0,0,0,0,0,0,0,1,0,0,0,0,1,0,0,0,0,0
16,48278431,48278431,C,T,LONP2,LONP2 g.48278431C>T,1,1,1,1,1,1,1,1,1,1,1,1,1,0,1,1,1,1,1,0,1,1,1,0,1
16,64982648,64982648,A,C,CDH11,CDH11 g.64982648A>C,1,0,0,0,0,0,0,0,0,0,0,1,0,0,0,1,0,0,0,0,0,0,0,0,0
16,71103269,71103269,T,C,HYDIN,HYDIN g.71103269T>C,1,1,1,1,1,1,1,1,1,1,0,1,1,0,0,1,1,1,1,1,1,1,1,1,1
16,77822856,77822856,T,G,VAT1L,VAT1L g.77822856T>G,1,1,1,1,1,1,0,1,1,1,1,NA,1,1,1,1,1,1,1,1,1,1,1,NA,0
17,4578288,4578288,G,A,PELP1,PELP1 g.4578288G>A,1,1,1,1,1,1,1,1,1,1,1,1,1,1,1,1,1,1,1,0,0,0,1,0,1
17,5324589,5324589,C,T,RPAIN,RPAIN g.5324589C>T,0,0,0,0,0,1,0,0,0,0,0,0,0,0,0,0,0,0,0,NA,1,0,0,1,0
17,6978853,6978853,A,C,CLEC10A,CLEC10A g.6978853A>C,0,0,0,0,0,0,0,1,0,0,0,0,NA,0,0,0,1,0,0,0,0,1,0,0,0
17,7495650,7495650,T,G,FXR2,FXR2 g.7495650T>G,0,0,0,0,0,0,0,0,1,1,0,0,0,0,0,0,0,1,0,0,0,0,1,0,0
17,8013548,8013548,C,A,ALOXE3,ALOXE3 g.8013548C>A,0,1,1,1,0,0,0,0,0,0,0,0,0,0,0,0,0,0,0,0,0,0,0,0,0
17,8015366,8015366,T,G,ALOXE3,ALOXE3 g.8015366T>G,1,1,0,0,1,0,NA,0,1,0,0,NA,0,1,0,1,1,1,1,NA,1,1,0,NA,0
17,10443991,10443991,G,A,MYH2,MYH2 g.10443991G>A,1,1,1,1,1,1,1,1,1,1,1,1,1,1,1,1,1,1,1,0,1,1,1,0,1
17,18565409,18565409,A,G,ZNF286B,ZNF286B g.18565409A>G,1,1,1,1,0,0,0,0,1,0,1,0,0,0,0,1,0,1,1,0,0,0,1,0,0
17,26946721,26946721,C,A,KIAA0100,KIAA0100 g.26946721C>A,0,0,0,0,0,0,0,0,0,0,NA,0,1,0,0,0,1,0,0,0,NA,0,0,0,0
17,29562979,29562979,T,A,NF1,NF1 g.29562979T>A,1,1,1,1,1,1,1,1,1,1,1,1,0,1,1,1,1,1,1,0,1,1,1,0,1
17,34951525,34951525,T,G,DHRS11,DHRS11 g.34951525T>G,0,0,1,0,0,0,0,0,0,0,1,0,0,0,1,0,0,0,0,0,0,0,0,0,0
17,38420968,38420968,A,C,WIPF2,WIPF2 g.38420968A>C,1,0,0,0,0,0,1,0,0,0,0,0,0,1,1,0,0,0,0,0,0,0,0,1,1
17,39324333,39324333,T,A,KRTAP4-3,KRTAP4-3 g.39324333T>A,0,0,0,0,0,0,0,0,1,0,0,1,0,0,0,0,0,0,0,0,0,0,0,0,0
17,40485803,40485803,G,C,STAT3,STAT3 g.40485803G>C,1,1,1,1,1,1,1,1,1,1,1,1,0,0,1,1,1,1,1,0,0,1,1,0,1
17,47783258,47783258,C,T,SLC35B1,SLC35B1 g.47783258C>T,0,0,0,0,0,0,0,0,0,0,0,0,0,0,0,0,0,1,1,0,0,0,0,0,0
17,54926688,54926688,A,C,DGKE,DGKE g.54926688A>C,0,0,0,1,0,0,1,1,0,0,0,0,0,0,0,1,0,0,0,0,0,0,0,0,0
17,54940028,54940028,A,C,DGKE,DGKE g.54940028A>C,0,0,0,0,1,0,0,0,0,0,0,0,0,0,0,0,1,0,0,0,0,0,0,0,0
17,58678168,58678168,C,G,PPM1D,PPM1D g.58678168C>G,1,1,1,1,1,1,1,1,1,1,1,1,0,0,1,1,1,1,1,0,0,1,1,0,1
17,74901358,74901358,G,A,MGAT5B,MGAT5B g.74901358G>A,1,1,1,1,1,1,1,1,1,1,1,1,1,1,1,1,1,1,1,0,1,1,1,0,1
18,21086960,21086960,G,A,C18orf8,C18orf8 g.21086960G>A,1,1,1,NA,0,0,0,NA,0,0,NA,1,0,0,0,0,0,NA,0,0,0,1,1,0,0
18,22671983,22671983,G,A,ZNF521,ZNF521 g.22671983G>A,0,1,0,1,0,1,1,0,0,0,1,1,0,1,0,0,1,0,1,1,0,0,0,0,0
18,28648023,28648023,C,T,DSC2,DSC2 g.28648023C>T,1,1,1,1,1,1,1,1,1,0,1,1,1,1,1,1,1,1,0,1,0,1,1,0,1
18,60241589,60241589,T,C,ZCCHC2,ZCCHC2 g.60241589T>C,1,1,1,1,1,0,0,0,0,0,0,0,0,0,0,0,0,0,0,0,0,0,0,0,0
18,61305167,61305167,C,A,SERPINB4,SERPINB4 g.61305167C>A,1,1,1,1,1,0,0,1,0,0,0,0,0,0,0,0,0,0,0,0,0,1,0,0,1
18,66504124,66504124,A,T,CCDC102B,CCDC102B g.66504124A>T,1,1,1,1,1,1,1,1,1,1,1,1,0,1,1,1,1,1,1,0,0,1,1,0,1
19,1615674,1615674,T,G,TCF3,TCF3 g.1615674T>G,1,0,0,0,0,0,0,1,0,1,0,0,1,1,0,1,NA,0,0,0,0,0,0,0,0
19,2994903,2994903,T,G,TLE6,TLE6 g.2994903T>G,0,0,0,0,0,0,1,1,0,1,0,NA,0,0,0,0,0,0,0,0,0,0,0,0,0
19,3273832,3273832,T,A,CELF5,CELF5 g.3273832T>A,1,1,1,1,0,1,1,1,0,1,0,NA,NA,1,0,0,1,1,0,NA,1,0,0,1,0
19,6470317,6470317,T,G,DENND1C,DENND1C g.6470317T>G,0,0,0,0,0,1,0,0,0,1,0,0,NA,0,0,0,0,1,0,0,0,0,0,0,0
19,10369202,10369202,A,T,MRPL4,MRPL4 g.10369202A>T,0,1,0,0,0,0,0,0,0,0,0,0,0,0,1,0,0,0,0,0,0,0,0,0,0
19,13039542,13039542,T,A,FARSA,FARSA g.13039542T>A,0,0,0,1,0,0,0,0,0,1,0,1,0,0,0,0,0,1,0,0,0,0,0,0,0
19,14507307,14507307,C,T,ADGRE5,ADGRE5 g.14507307C>T,1,1,1,1,0,1,1,1,1,1,1,1,1,1,1,1,1,0,0,1,1,0,1,1,1
19,14841913,14841913,A,C,ZNF333,ZNF333 g.14841913A>C,0,0,0,0,1,0,0,NA,1,0,1,0,0,1,0,1,0,0,0,0,1,NA,0,0,0
19,19466135,19466135,T,G,MAU2,MAU2 g.19466135T>G,1,1,1,1,1,1,1,1,1,1,1,NA,NA,0,1,1,1,1,0,NA,NA,1,1,1,1
19,23405211,23405211,A,G,ZNF730;ZNF724,ZNF730;ZNF724 g.23405211A>G,0,0,0,1,1,0,0,0,1,1,1,NA,0,0,1,0,1,1,1,NA,0,1,1,0,1
19,23844965,23844965,T,C,ZNF675,ZNF675 g.23844965T>C,1,1,1,1,0,0,0,1,1,0,0,1,1,1,1,1,1,1,0,0,0,0,1,0,1
19,36530511,36530511,C,T,THAP8,THAP8 g.36530511C>T,1,1,1,1,1,0,1,1,1,1,1,NA,0,0,1,1,0,1,1,0,NA,1,1,NA,1
19,37488545,37488545,A,G,ZNF568,ZNF568 g.37488545A>G,1,1,1,1,1,1,1,1,0,0,1,1,0,0,0,0,1,1,1,0,0,1,1,0,1
19,40953857,40953857,C,A,BLVRB,BLVRB g.40953857C>A,0,0,0,0,0,0,0,0,0,0,1,NA,NA,0,NA,0,0,NA,1,0,0,0,0,0,0
19,41354606,41354606,G,T,CYP2A6,CYP2A6 g.41354606G>T,1,1,0,0,1,1,1,1,0,1,1,NA,1,1,1,0,1,1,1,1,0,1,1,0,0
19,41354661,41354661,T,C,CYP2A6,CYP2A6 g.41354661T>C,1,1,NA,1,1,1,1,1,1,1,1,NA,1,1,1,0,1,1,1,1,1,1,1,0,1
19,44251894,44251894,A,T,SMG9,SMG9 g.44251894A>T,0,0,0,0,0,0,0,1,0,0,0,0,0,1,0,0,0,0,0,0,0,0,0,0,0
19,44976393,44976393,C,G,ZNF229;ZNF180,ZNF229;ZNF180 g.44976393C>G,0,0,0,0,0,0,0,0,0,0,1,0,0,0,0,0,1,0,0,0,0,0,0,0,0
19,45783834,45783834,A,T,MARK4,MARK4 g.45783834A>T,0,0,1,0,1,0,0,1,1,1,0,NA,1,0,1,0,1,0,1,1,0,1,1,1,0
19,45783872,45783872,C,G,MARK4,MARK4 g.45783872C>G,1,0,1,0,1,0,0,1,1,1,0,NA,NA,0,NA,0,0,0,1,0,0,1,1,0,0
19,46357689,46357689,T,G,SYMPK,SYMPK g.46357689T>G,1,1,1,1,1,1,1,1,1,1,1,1,1,1,0,1,1,1,1,0,0,1,1,0,1
19,51192214,51192214,T,G,SHANK1,SHANK1 g.51192214T>G,0,0,1,0,0,0,1,0,0,0,1,0,0,0,0,0,0,0,0,0,0,0,0,0,0
19,52394370,52394370,T,G,ZNF649,ZNF649 g.52394370T>G,0,0,0,0,0,0,0,0,0,0,1,0,0,0,0,0,0,0,0,1,0,0,0,0,0
19,54844998,54844998,G,A,LILRA4,LILRA4 g.54844998G>A,1,1,1,1,0,0,0,0,0,0,0,0,0,0,0,0,0,0,0,NA,0,0,0,0,0
19,55286896,55286896,T,C,KIR2DL1,KIR2DL1 g.55286896T>C,0,0,0,1,1,1,1,0,0,1,1,1,0,0,0,0,0,0,1,0,0,0,1,0,0
19,56283159,56283159,C,T,RFPL4AL1,RFPL4AL1 g.56283159C>T,1,1,0,0,1,0,0,0,0,1,0,1,1,1,1,0,0,0,0,1,0,0,1,1,0
19,57065658,57065658,G,A,ZFP28,ZFP28 g.57065658G>A,1,0,1,0,1,0,0,0,0,0,0,0,0,0,0,0,0,0,0,0,0,1,0,0,1
20,239885,239885,C,A,DEFB132,DEFB132 g.239885C>A,0,1,1,0,1,1,0,1,0,0,0,0,1,0,0,0,0,0,0,1,0,0,0,0,0
20,239929,239929,A,C,DEFB132,DEFB132 g.239929A>C,0,0,0,1,1,0,0,0,0,0,1,0,0,1,0,0,0,0,1,1,0,0,0,0,0
20,3596402,3596402,C,T,ATRN,ATRN g.3596402C>T,0,1,0,0,0,0,0,0,0,0,0,0,0,0,0,0,0,0,0,0,0,1,0,0,0
20,3782966,3782966,T,G,CDC25B,CDC25B g.3782966T>G,0,0,1,0,0,0,0,0,0,0,1,0,0,0,1,0,0,0,0,NA,0,0,0,0,0
20,4883164,4883164,T,A,SLC23A2,SLC23A2 g.4883164T>A,1,1,1,1,1,1,1,1,1,1,1,1,1,1,1,1,1,1,1,0,0,1,1,0,1
20,9416200,9416200,C,T,PLCB4,PLCB4 g.9416200C>T,0,0,1,0,0,1,0,0,0,0,1,0,0,0,0,NA,1,0,1,0,0,1,0,NA,0
20,21209702,21209702,C,G,KIZ,KIZ g.21209702C>G,1,1,1,1,1,0,1,1,1,1,1,1,0,0,1,1,1,1,0,NA,0,1,1,0,1
20,23016971,23016971,T,C,SSTR4,SSTR4 g.23016971T>C,0,0,0,0,0,0,0,0,0,0,0,NA,1,0,0,0,1,0,0,0,0,0,0,0,0
20,29652172,29652172,T,C,FRG1BP,FRG1BP g.29652172T>C,0,0,0,0,1,1,0,1,0,0,0,0,0,0,0,0,0,0,1,1,0,0,0,1,0
20,29652191,29652191,C,T,FRG1BP,FRG1BP g.29652191C>T,0,0,0,1,1,1,0,1,0,0,0,0,0,0,1,0,0,0,1,1,0,0,0,1,0
20,30414609,30414609,C,T,MYLK2,MYLK2 g.30414609C>T,1,1,1,1,1,1,1,1,1,1,1,1,0,1,0,1,1,1,1,0,0,0,1,0,1
20,33609062,33609062,A,C,TRPC4AP,TRPC4AP g.33609062A>C,0,0,1,0,0,0,1,0,0,0,0,NA,0,0,0,0,NA,0,0,0,0,0,0,NA,0
20,34054726,34054726,G,T,CEP250,CEP250 g.34054726G>T,1,1,1,1,1,0,1,1,1,1,1,1,1,1,1,1,1,1,0,0,0,1,1,NA,1
20,44672583,44672583,T,G,SLC12A5,SLC12A5 g.44672583T>G,0,0,0,0,0,1,0,0,0,0,0,NA,1,NA,0,1,0,1,0,0,0,0,0,0,0
20,52198908,52198908,G,T,ZNF217,ZNF217 g.52198908G>T,0,0,0,0,0,0,0,0,0,0,0,0,0,0,0,0,1,1,0,0,0,0,0,0,0
20,60713327,60713327,C,A,PSMA7,PSMA7 g.60713327C>A,0,1,1,1,1,NA,1,1,1,1,1,NA,0,0,1,1,1,1,1,0,NA,0,1,NA,1
21,41239523,41239523,T,C,PCP4,PCP4 g.41239523T>C,0,1,1,0,0,0,1,1,1,0,1,1,0,0,1,1,0,1,0,0,0,1,1,0,1
21,43916191,43916191,T,G,RSPH1,RSPH1 g.43916191T>G,1,0,0,0,0,0,1,1,0,0,0,NA,0,0,1,0,NA,NA,0,0,0,0,0,1,0
21,45537761,45537761,G,C,PWP2,PWP2 g.45537761G>C,0,1,1,1,0,1,1,1,1,1,0,1,0,0,1,1,1,1,0,NA,1,1,1,0,1
21,47817319,47817319,T,G,PCNT,PCNT g.47817319T>G,1,1,0,0,0,0,1,1,0,0,0,1,0,1,0,0,0,0,0,0,0,1,0,0,0
22,17072728,17072728,C,G,CCT8L2,CCT8L2 g.17072728C>G,1,0,1,1,1,NA,NA,0,0,0,0,0,0,0,0,0,0,0,0,0,0,1,0,0,0
22,20230254,20230254,C,T,RTN4R,RTN4R g.20230254C>T,1,1,1,1,1,1,1,1,1,1,1,1,1,0,1,1,1,1,1,NA,0,0,1,0,1
22,21341693,21341693,G,A,LZTR1,LZTR1 g.21341693G>A,1,0,0,0,0,0,0,1,1,0,0,NA,0,0,0,0,NA,0,0,NA,0,0,0,0,0
22,45813553,45813553,C,A,RIBC2,RIBC2 g.45813553C>A,0,0,0,0,0,0,0,0,1,0,1,0,0,0,1,1,0,0,0,0,0,0,1,0,0
X,12994565,12994565,A,C,TMSB4X,TMSB4X g.12994565A>C,1,0,0,NA,1,0,0,0,0,0,0,NA,0,0,1,1,1,0,0,0,0,0,1,0,0
X,13626451,13626451,G,T,EGFL6,EGFL6 g.13626451G>T,0,0,1,1,0,1,1,1,1,1,1,NA,0,1,1,1,1,1,0,0,0,1,1,1,0
X,30260288,30260288,T,G,MAGEB4,MAGEB4 g.30260288T>G,0,0,NA,0,0,0,0,0,0,0,0,1,0,1,0,0,0,0,0,0,0,0,0,0,0
X,32867913,32867913,G,A,DMD,DMD g.32867913G>A,0,1,0,1,0,1,1,1,1,1,1,1,0,0,1,1,0,1,1,0,0,0,1,0,1
X,46359720,46359720,T,G,ZNF674,ZNF674 g.46359720T>G,0,0,0,0,0,0,0,0,0,0,1,0,0,0,1,0,0,0,0,0,0,0,0,0,0
X,47657350,47657350,G,A,CXXC1P1;ZNF81,CXXC1P1;ZNF81 g.47657350G>A,0,1,1,0,1,0,0,0,0,0,0,NA,0,1,NA,1,1,1,0,0,1,0,1,0,0
X,65835672,65835672,A,G,EDA2R,EDA2R g.65835672A>G,1,1,1,1,1,1,1,1,1,1,1,1,1,1,1,1,1,1,1,0,0,0,1,NA,1
X,84362781,84362781,T,A,SATL1,SATL1 g.84362781T>A,0,0,0,1,0,1,1,0,0,0,0,1,1,0,0,0,1,1,1,0,0,1,1,0,1
X,109919452,109919452,G,A,CHRDL1,CHRDL1 g.109919452G>A,0,0,0,0,0,0,0,0,0,0,0,0,0,1,0,0,1,0,0,0,0,0,0,0,0
X,110385459,110385459,G,A,PAK3,PAK3 g.110385459G>A,0,0,0,1,1,1,1,0,0,1,0,1,1,1,0,0,1,1,1,0,0,1,1,0,1
X,119678280,119678280,G,A,CUL4B,CUL4B g.119678280G>A,0,1,0,1,0,0,0,0,0,0,0,0,0,0,0,0,0,0,0,0,0,0,0,0,0
X,140994462,140994462,A,C,MAGEC1,MAGEC1 g.140994462A>C,1,0,0,0,0,0,0,1,0,1,0,0,0,1,0,0,0,0,0,0,0,0,0,0,1
X,155125292,155125292,G,T,VAMP7,VAMP7 g.155125292G>T,0,0,0,1,0,1,1,1,NA,1,0,1,0,NA,NA,NA,1,1,0,0,0,1,1,0,1
